<?xml version='1.0' encoding='UTF-8'?>
<!--XML generated from EBX® DMA instance [reference=coach_master_data_model] on Mon Jul 15 13:41:45 IST 2024 by user [admin].-->
<root>
    <toolbarNode>
        <id>49</id>
        <type>TOOLBAR</type>
        <toolbar>
            <name>Coach_Toolbar</name>
            <documentation>
                <localizedDocumentations>
                    <locale>en_US</locale>
                </localizedDocumentations>
                <localizedDocumentations>
                    <locale>fr_FR</locale>
                </localizedDocumentations>
            </documentation>
            <location>TABLE_VIEW_TOP</location>
        </toolbar>
    </toolbarNode>
    <toolbarNode>
        <id>50</id>
        <parent>49</parent>
        <type>ACTION_BUTTON</type>
        <ordering>1000</ordering>
        <actionButton>
            <service>
                <serviceKey>@workflowLauncher</serviceKey>
                <launcherDefinition>oworkflow_launchers_1.0:1:Coach_Create:V</launcherDefinition>
                <target>c</target>
                <modalSize>l</modalSize>
                <resizable>false</resizable>
            </service>
            <documentation>
                <localizedDocumentations>
                    <locale>en_US</locale>
                    <label>Create a Coach</label>
                </localizedDocumentations>
                <localizedDocumentations>
                    <locale>fr_FR</locale>
                </localizedDocumentations>
            </documentation>
            <display>
                <layout>TEXT_AND_ICON_LEFT</layout>
                <icon>
                    <type>css</type>
                    <reference>ebx_Add</reference>
                </icon>
                <highlightedButton>false</highlightedButton>
            </display>
        </actionButton>
    </toolbarNode>
    <toolbarNode>
        <id>51</id>
        <parent>49</parent>
        <type>SEPARATOR</type>
        <ordering>3000</ordering>
        <separator>
            <width>20</width>
        </separator>
    </toolbarNode>
    <toolbarNode>
        <id>52</id>
        <parent>49</parent>
        <type>MENU_BUTTON</type>
        <ordering>4000</ordering>
        <menuButton>
            <documentation>
                <localizedDocumentations>
                    <locale>en_US</locale>
                    <label>Actions</label>
                </localizedDocumentations>
                <localizedDocumentations>
                    <locale>fr_FR</locale>
                    <label>Actions</label>
                </localizedDocumentations>
            </documentation>
            <display>
                <layout>TEXT_ONLY</layout>
                <highlightedButton>false</highlightedButton>
            </display>
        </menuButton>
    </toolbarNode>
    <toolbarNode>
        <id>53</id>
        <parent>52</parent>
        <type>GROUP_MENU_ITEM</type>
        <ordering>0</ordering>
        <menuGroup>
            <documentation/>
            <type>MENU_BUILDER</type>
            <menuBuilder>
                <menuBuilderKey>@actions_menu_with_separator</menuBuilderKey>
                <excludedServices>@inherit</excludedServices>
                <excludedServices>@overwrite</excludedServices>
                <excludedServices>@gridEditor</excludedServices>
                <filteringPolicy>SMART_FILTERING</filteringPolicy>
            </menuBuilder>
        </menuGroup>
    </toolbarNode>
    <toolbarNode>
        <id>54</id>
        <parent>49</parent>
        <type>ACTION_BUTTON</type>
        <ordering>2000</ordering>
        <actionButton>
            <service>
                <serviceKey>CoachUpdateRecords</serviceKey>
                <target>c</target>
                <modalSize>l</modalSize>
                <resizable>false</resizable>
            </service>
            <documentation>
                <localizedDocumentations>
                    <locale>en_US</locale>
                    <label>Update a Coach</label>
                </localizedDocumentations>
                <localizedDocumentations>
                    <locale>fr_FR</locale>
                </localizedDocumentations>
            </documentation>
            <display>
                <layout>TEXT_AND_ICON_LEFT</layout>
                <icon>
                    <type>css</type>
                    <reference>ebx_Wizard</reference>
                </icon>
                <highlightedButton>false</highlightedButton>
            </display>
        </actionButton>
    </toolbarNode>
</root>